date;market_cap;market_cap_Billion
2018-01-01;6,89388E+11;0,69
2018-01-02;7,03326E+11;0,70
2018-01-03;7,17264E+11;0,72
2018-01-04;7,31203E+11;0,73
2018-01-05;7,45141E+11;0,75
2018-01-06;7,59079E+11;0,76
2018-01-07;7,73018E+11;0,77
2018-01-08;7,86956E+11;0,79
2018-01-09;7,77164E+11;0,78
2018-01-10;7,67373E+11;0,77
2018-01-11;7,57581E+11;0,76
2018-01-12;7,4779E+11;0,75
2018-01-13;7,37998E+11;0,74
2018-01-14;7,28206E+11;0,73
2018-01-15;7,18415E+11;0,72
2018-01-16;6,91233E+11;0,69
2018-01-17;6,64052E+11;0,66
2018-01-18;6,36871E+11;0,64
2018-01-19;6,0969E+11;0,61
2018-01-20;5,82508E+11;0,58
2018-01-21;5,55327E+11;0,56
2018-01-22;5,28146E+11;0,53
2018-01-23;5,20306E+11;0,52
2018-01-24;5,12466E+11;0,51
2018-01-25;5,04626E+11;0,50
2018-01-26;4,96787E+11;0,50
2018-01-27;4,88947E+11;0,49
2018-01-28;4,81107E+11;0,48
2018-01-29;4,73267E+11;0,47
2018-01-30;4,65427E+11;0,47
2018-01-31;4,57587E+11;0,46
2018-02-01;4,49748E+11;0,45
2018-02-02;4,41253E+11;0,44
2018-02-03;4,32759E+11;0,43
2018-02-04;4,24264E+11;0,42
2018-02-05;4,1577E+11;0,42
2018-02-06;4,07275E+11;0,41
2018-02-07;3,9878E+11;0,40
2018-02-08;3,90286E+11;0,39
2018-02-09;4,02585E+11;0,40
2018-02-10;4,14884E+11;0,41
2018-02-11;4,27182E+11;0,43
2018-02-12;4,39481E+11;0,44
2018-02-13;4,5178E+11;0,45
2018-02-14;4,64079E+11;0,46
2018-02-15;4,76378E+11;0,48
2018-02-16;4,70022E+11;0,47
2018-02-17;4,63667E+11;0,46
2018-02-18;4,57311E+11;0,46
2018-02-19;4,50955E+11;0,45
2018-02-20;4,446E+11;0,44
2018-02-21;4,38244E+11;0,44
2018-02-22;4,31889E+11;0,43
2018-02-23;4,35217E+11;0,44
2018-02-24;4,38545E+11;0,44
2018-02-25;4,41873E+11;0,44
2018-02-26;4,45201E+11;0,45
2018-02-27;4,48529E+11;0,45
2018-02-28;4,51857E+11;0,45
2018-03-01;4,55185E+11;0,46
2018-03-02;4,44346E+11;0,44
2018-03-03;4,33508E+11;0,43
2018-03-04;4,22669E+11;0,42
2018-03-05;4,1183E+11;0,41
2018-03-06;4,00992E+11;0,40
2018-03-07;3,90153E+11;0,39
2018-03-08;3,79315E+11;0,38
2018-03-09;3,72711E+11;0,37
2018-03-10;3,66107E+11;0,37
2018-03-11;3,59504E+11;0,36
2018-03-12;3,529E+11;0,35
2018-03-13;3,46297E+11;0,35
2018-03-14;3,39693E+11;0,34
2018-03-15;3,3309E+11;0,33
2018-03-16;3,34214E+11;0,33
2018-03-17;3,35338E+11;0,34
2018-03-18;3,36462E+11;0,34
2018-03-19;3,37586E+11;0,34
2018-03-20;3,3871E+11;0,34
2018-03-21;3,39834E+11;0,34
2018-03-22;3,40958E+11;0,34
2018-03-23;3,32465E+11;0,33
2018-03-24;3,23973E+11;0,32
2018-03-25;3,1548E+11;0,32
2018-03-26;3,06988E+11;0,31
2018-03-27;2,98495E+11;0,30
2018-03-28;2,90002E+11;0,29
2018-03-29;2,8151E+11;0,28
2018-03-30;2,73017E+11;0,27
2018-03-31;2,64525E+11;0,26
2018-04-01;2,56032E+11;0,26
2018-04-02;2,57315E+11;0,26
2018-04-03;2,58598E+11;0,26
2018-04-04;2,59881E+11;0,26
2018-04-05;2,61164E+11;0,26
2018-04-06;2,62447E+11;0,26
2018-04-07;2,6373E+11;0,26
2018-04-08;2,65013E+11;0,27
2018-04-09;2,74928E+11;0,27
2018-04-10;2,84843E+11;0,28
2018-04-11;2,94758E+11;0,29
2018-04-12;3,04673E+11;0,30
2018-04-13;3,14588E+11;0,31
2018-04-14;3,24503E+11;0,32
2018-04-15;3,34419E+11;0,33
2018-04-16;3,42198E+11;0,34
2018-04-17;3,49978E+11;0,35
2018-04-18;3,57757E+11;0,36
2018-04-19;3,65537E+11;0,37
2018-04-20;3,73317E+11;0,37
2018-04-21;3,81096E+11;0,38
2018-04-22;3,88876E+11;0,39
2018-04-23;3,92479E+11;0,39
2018-04-24;3,96081E+11;0,40
2018-04-25;3,99684E+11;0,40
2018-04-26;4,03287E+11;0,40
2018-04-27;4,0689E+11;0,41
2018-04-28;4,10493E+11;0,41
2018-04-29;4,14096E+11;0,41
2018-04-30;4,17698E+11;0,42
2018-05-01;4,21301E+11;0,42
2018-05-02;4,24956E+11;0,42
2018-05-03;4,28612E+11;0,43
2018-05-04;4,32267E+11;0,43
2018-05-05;4,35922E+11;0,44
2018-05-06;4,39577E+11;0,44
2018-05-07;4,43232E+11;0,44
2018-05-08;4,46888E+11;0,45
2018-05-09;4,39356E+11;0,44
2018-05-10;4,31825E+11;0,43
2018-05-11;4,24293E+11;0,42
2018-05-12;4,16762E+11;0,42
2018-05-13;4,0923E+11;0,41
2018-05-14;4,01699E+11;0,40
2018-05-15;3,94167E+11;0,39
2018-05-16;3,85684E+11;0,39
2018-05-17;3,77202E+11;0,38
2018-05-18;3,68719E+11;0,37
2018-05-19;3,60237E+11;0,36
2018-05-20;3,51754E+11;0,35
2018-05-21;3,43272E+11;0,34
2018-05-22;3,34789E+11;0,33
2018-05-23;3,35878E+11;0,34
2018-05-24;3,36967E+11;0,34
2018-05-25;3,38055E+11;0,34
2018-05-26;3,39144E+11;0,34
2018-05-27;3,40232E+11;0,34
2018-05-28;3,41321E+11;0,34
2018-05-29;3,4241E+11;0,34
2018-05-30;3,43498E+11;0,34
2018-05-31;3,44587E+11;0,34
2018-06-01;3,45676E+11;0,35
2018-06-02;3,44275E+11;0,34
2018-06-03;3,42875E+11;0,34
2018-06-04;3,41475E+11;0,34
2018-06-05;3,40075E+11;0,34
2018-06-06;3,38674E+11;0,34
2018-06-07;3,37274E+11;0,34
2018-06-08;3,35874E+11;0,34
2018-06-09;3,28163E+11;0,33
2018-06-10;3,20451E+11;0,32
2018-06-11;3,1274E+11;0,31
2018-06-12;3,05029E+11;0,31
2018-06-13;2,97318E+11;0,30
2018-06-14;2,89606E+11;0,29
2018-06-15;2,81895E+11;0,28
2018-06-16;2,79402E+11;0,28
2018-06-17;2,7691E+11;0,28
2018-06-18;2,74417E+11;0,27
2018-06-19;2,71924E+11;0,27
2018-06-20;2,69431E+11;0,27
2018-06-21;2,66938E+11;0,27
2018-06-22;2,64446E+11;0,26
2018-06-23;2,65992E+11;0,27
2018-06-24;2,67538E+11;0,27
2018-06-25;2,69084E+11;0,27
2018-06-26;2,7063E+11;0,27
2018-06-27;2,72176E+11;0,27
2018-06-28;2,73722E+11;0,27
2018-06-29;2,75268E+11;0,28
2018-06-30;2,76814E+11;0,28
2018-07-01;2,78359E+11;0,28
2018-07-02;2,77801E+11;0,28
2018-07-03;2,77243E+11;0,28
2018-07-04;2,76684E+11;0,28
2018-07-05;2,76126E+11;0,28
2018-07-06;2,75567E+11;0,28
2018-07-07;2,75009E+11;0,28
2018-07-08;2,7445E+11;0,27
2018-07-09;2,75292E+11;0,28
2018-07-10;2,76133E+11;0,28
2018-07-11;2,76975E+11;0,28
2018-07-12;2,77816E+11;0,28
2018-07-13;2,78658E+11;0,28
2018-07-14;2,79499E+11;0,28
2018-07-15;2,80341E+11;0,28
2018-07-16;2,82188E+11;0,28
2018-07-17;2,84036E+11;0,28
2018-07-18;2,85883E+11;0,29
2018-07-19;2,8773E+11;0,29
2018-07-20;2,89578E+11;0,29
2018-07-21;2,91425E+11;0,29
2018-07-22;2,93272E+11;0,29
2018-07-23;2,91291E+11;0,29
2018-07-24;2,8931E+11;0,29
2018-07-25;2,87329E+11;0,29
2018-07-26;2,85347E+11;0,29
2018-07-27;2,83366E+11;0,28
2018-07-28;2,81385E+11;0,28
2018-07-29;2,79404E+11;0,28
2018-07-30;2,77423E+11;0,28
2018-07-31;2,75442E+11;0,28
2018-08-01;2,7346E+11;0,27
2018-08-02;2,68406E+11;0,27
2018-08-03;2,63352E+11;0,26
2018-08-04;2,58298E+11;0,26
2018-08-05;2,53244E+11;0,25
2018-08-06;2,48189E+11;0,25
2018-08-07;2,43135E+11;0,24
2018-08-08;2,38081E+11;0,24
2018-08-09;2,33886E+11;0,23
2018-08-10;2,29691E+11;0,23
2018-08-11;2,25495E+11;0,23
2018-08-12;2,213E+11;0,22
2018-08-13;2,17105E+11;0,22
2018-08-14;2,1291E+11;0,21
2018-08-15;2,08714E+11;0,21
2018-08-16;2,09558E+11;0,21
2018-08-17;2,10401E+11;0,21
2018-08-18;2,11245E+11;0,21
2018-08-19;2,12089E+11;0,21
2018-08-20;2,12932E+11;0,21
2018-08-21;2,13776E+11;0,21
2018-08-22;2,14619E+11;0,21
2018-08-23;2,17401E+11;0,22
2018-08-24;2,20183E+11;0,22
2018-08-25;2,22964E+11;0,22
2018-08-26;2,25746E+11;0,23
2018-08-27;2,28527E+11;0,23
2018-08-28;2,31309E+11;0,23
2018-08-29;2,34091E+11;0,23
2018-08-30;2,36872E+11;0,24
2018-08-31;2,39654E+11;0,24
2018-09-01;2,42435E+11;0,24
2018-09-02;2,36072E+11;0,24
2018-09-03;2,29709E+11;0,23
2018-09-04;2,23346E+11;0,22
2018-09-05;2,16983E+11;0,22
2018-09-06;2,1062E+11;0,21
2018-09-07;2,04257E+11;0,20
2018-09-08;1,97894E+11;0,20
2018-09-09;1,98996E+11;0,20
2018-09-10;2,00097E+11;0,20
2018-09-11;2,01199E+11;0,20
2018-09-12;2,023E+11;0,20
2018-09-13;2,03402E+11;0,20
2018-09-14;2,04503E+11;0,20
2018-09-15;2,05605E+11;0,21
2018-09-16;2,09099E+11;0,21
2018-09-17;2,12593E+11;0,21
2018-09-18;2,16087E+11;0,22
2018-09-19;2,19582E+11;0,22
2018-09-20;2,23076E+11;0,22
2018-09-21;2,2657E+11;0,23
2018-09-22;2,30064E+11;0,23
2018-09-23;2,29243E+11;0,23
2018-09-24;2,28422E+11;0,23
2018-09-25;2,27601E+11;0,23
2018-09-26;2,2678E+11;0,23
2018-09-27;2,25959E+11;0,23
2018-09-28;2,25138E+11;0,23
2018-09-29;2,24317E+11;0,22
2018-09-30;2,23496E+11;0,22
2018-10-01;2,22675E+11;0,22
2018-10-02;2,22873E+11;0,22
2018-10-03;2,23072E+11;0,22
2018-10-04;2,2327E+11;0,22
2018-10-05;2,23469E+11;0,22
2018-10-06;2,23667E+11;0,22
2018-10-07;2,23865E+11;0,22
2018-10-08;2,24064E+11;0,22
2018-10-09;2,2308E+11;0,22
2018-10-10;2,22097E+11;0,22
2018-10-11;2,21113E+11;0,22
2018-10-12;2,20129E+11;0,22
2018-10-13;2,19146E+11;0,22
2018-10-14;2,18162E+11;0,22
2018-10-15;2,17179E+11;0,22
2018-10-16;2,16648E+11;0,22
2018-10-17;2,16117E+11;0,22
2018-10-18;2,15586E+11;0,22
2018-10-19;2,15055E+11;0,22
2018-10-20;2,14524E+11;0,21
2018-10-21;2,13994E+11;0,21
2018-10-22;2,13463E+11;0,21
2018-10-23;2,13422E+11;0,21
2018-10-24;2,13381E+11;0,21
2018-10-25;2,1334E+11;0,21
2018-10-26;2,13299E+11;0,21
2018-10-27;2,13258E+11;0,21
2018-10-28;2,13217E+11;0,21
2018-10-29;2,13176E+11;0,21
2018-10-30;2,13135E+11;0,21
2018-10-31;2,13094E+11;0,21
2018-11-01;2,13053E+11;0,21
2018-11-02;2,13581E+11;0,21
2018-11-03;2,14108E+11;0,21
2018-11-04;2,14636E+11;0,21
2018-11-05;2,15164E+11;0,22
2018-11-06;2,15691E+11;0,22
2018-11-07;2,16219E+11;0,22
2018-11-08;2,16746E+11;0,22
2018-11-09;2,12138E+11;0,21
2018-11-10;2,07529E+11;0,21
2018-11-11;2,02921E+11;0,20
2018-11-12;1,98312E+11;0,20
2018-11-13;1,93704E+11;0,19
2018-11-14;1,89095E+11;0,19
2018-11-15;1,84487E+11;0,18
2018-11-16;1,78846E+11;0,18
2018-11-17;1,73206E+11;0,17
2018-11-18;1,67566E+11;0,17
2018-11-19;1,61925E+11;0,16
2018-11-20;1,56285E+11;0,16
2018-11-21;1,50645E+11;0,15
2018-11-22;1,45004E+11;0,15
2018-11-23;1,44026E+11;0,14
2018-11-24;1,43048E+11;0,14
2018-11-25;1,42069E+11;0,14
2018-11-26;1,41091E+11;0,14
2018-11-27;1,40113E+11;0,14
2018-11-28;1,39135E+11;0,14
2018-11-29;1,38156E+11;0,14
2018-11-30;1,37178E+11;0,14
2018-12-01;1,362E+11;0,14
2018-12-02;1,33012E+11;0,13
2018-12-03;1,29824E+11;0,13
2018-12-04;1,26636E+11;0,13
2018-12-05;1,23448E+11;0,12
2018-12-06;1,2026E+11;0,12
2018-12-07;1,17072E+11;0,12
2018-12-08;1,13884E+11;0,11
2018-12-09;1,12358E+11;0,11
2018-12-10;1,10833E+11;0,11
2018-12-11;1,09307E+11;0,11
2018-12-12;1,07782E+11;0,11
2018-12-13;1,06256E+11;0,11
2018-12-14;1,04731E+11;0,10
2018-12-15;1,03205E+11;0,10
2018-12-16;1,07536E+11;0,11
2018-12-17;1,11868E+11;0,11
2018-12-18;1,16199E+11;0,12
2018-12-19;1,2053E+11;0,12
2018-12-20;1,24862E+11;0,12
2018-12-21;1,29193E+11;0,13
2018-12-22;1,33524E+11;0,13
2018-12-23;1,33043E+11;0,13
2018-12-24;1,32562E+11;0,13
2018-12-25;1,3208E+11;0,13
2018-12-26;1,31599E+11;0,13
2018-12-27;1,31118E+11;0,13
2018-12-28;1,30636E+11;0,13
2018-12-29;1,30155E+11;0,13
2018-12-30;1,29674E+11;0,13
2018-12-31;1,29192E+11;0,13
2019-01-01;1,33699E+11;0,13
2019-01-02;1,34117E+11;0,13
2019-01-03;1,34535E+11;0,13
2019-01-04;1,34952E+11;0,13
2019-01-05;1,3537E+11;0,14
2019-01-06;1,35788E+11;0,14
2019-01-07;1,36205E+11;0,14
2019-01-08;1,36623E+11;0,14
2019-01-09;1,34357E+11;0,13
2019-01-10;1,32091E+11;0,13
2019-01-11;1,29825E+11;0,13
2019-01-12;1,27559E+11;0,13
2019-01-13;1,25293E+11;0,13
2019-01-14;1,23027E+11;0,12
2019-01-15;1,20761E+11;0,12
2019-01-16;1,20575E+11;0,12
2019-01-17;1,20388E+11;0,12
2019-01-18;1,20202E+11;0,12
2019-01-19;1,20016E+11;0,12
2019-01-20;1,1983E+11;0,12
2019-01-21;1,19643E+11;0,12
2019-01-22;1,19457E+11;0,12
2019-01-23;1,18958E+11;0,12
2019-01-24;1,18458E+11;0,12
2019-01-25;1,17958E+11;0,12
2019-01-26;1,17458E+11;0,12
2019-01-27;1,16959E+11;0,12
2019-01-28;1,16459E+11;0,12
2019-01-29;1,15959E+11;0,12
2019-01-30;1,15459E+11;0,12
2019-01-31;1,1496E+11;0,11
2019-02-01;1,1446E+11;0,11
2019-02-02;1,1549E+11;0,12
2019-02-03;1,1652E+11;0,12
2019-02-04;1,17549E+11;0,12
2019-02-05;1,18579E+11;0,12
2019-02-06;1,19609E+11;0,12
2019-02-07;1,20639E+11;0,12
2019-02-08;1,21669E+11;0,12
2019-02-09;1,21613E+11;0,12
2019-02-10;1,21557E+11;0,12
2019-02-11;1,21501E+11;0,12
2019-02-12;1,21444E+11;0,12
2019-02-13;1,21388E+11;0,12
2019-02-14;1,21332E+11;0,12
2019-02-15;1,21276E+11;0,12
2019-02-16;1,24048E+11;0,12
2019-02-17;1,2682E+11;0,13
2019-02-18;1,29593E+11;0,13
2019-02-19;1,32365E+11;0,13
2019-02-20;1,35137E+11;0,14
2019-02-21;1,37909E+11;0,14
2019-02-22;1,40681E+11;0,14
2019-02-23;1,3904E+11;0,14
2019-02-24;1,37399E+11;0,14
2019-02-25;1,35757E+11;0,14
2019-02-26;1,34116E+11;0,13
2019-02-27;1,32475E+11;0,13
2019-02-28;1,30834E+11;0,13
2019-03-01;1,29193E+11;0,13
2019-03-02;1,2992E+11;0,13
2019-03-03;1,30648E+11;0,13
2019-03-04;1,31375E+11;0,13
2019-03-05;1,32103E+11;0,13
2019-03-06;1,3283E+11;0,13
2019-03-07;1,33558E+11;0,13
2019-03-08;1,34285E+11;0,13
2019-03-09;1,35221E+11;0,14
2019-03-10;1,36157E+11;0,14
2019-03-11;1,37093E+11;0,14
2019-03-12;1,38029E+11;0,14
2019-03-13;1,38965E+11;0,14
2019-03-14;1,39902E+11;0,14
2019-03-15;1,40838E+11;0,14
2019-03-16;1,4084E+11;0,14
2019-03-17;1,40843E+11;0,14
2019-03-18;1,40846E+11;0,14
2019-03-19;1,40849E+11;0,14
2019-03-20;1,40851E+11;0,14
2019-03-21;1,40854E+11;0,14
2019-03-22;1,40857E+11;0,14
2019-03-23;1,43593E+11;0,14
2019-03-24;1,46329E+11;0,15
2019-03-25;1,49065E+11;0,15
2019-03-26;1,51801E+11;0,15
2019-03-27;1,54537E+11;0,15
2019-03-28;1,57272E+11;0,16
2019-03-29;1,60008E+11;0,16
2019-03-30;1,62744E+11;0,16
2019-03-31;1,6548E+11;0,17
2019-04-01;1,68216E+11;0,17
2019-04-02;1,69964E+11;0,17
2019-04-03;1,71711E+11;0,17
2019-04-04;1,73459E+11;0,17
2019-04-05;1,75206E+11;0,18
2019-04-06;1,76954E+11;0,18
2019-04-07;1,78702E+11;0,18
2019-04-08;1,80449E+11;0,18
2019-04-09;1,79959E+11;0,18
2019-04-10;1,79468E+11;0,18
2019-04-11;1,78978E+11;0,18
2019-04-12;1,78487E+11;0,18
2019-04-13;1,77997E+11;0,18
2019-04-14;1,77506E+11;0,18
2019-04-15;1,77016E+11;0,18
2019-04-16;1,7796E+11;0,18
2019-04-17;1,78904E+11;0,18
2019-04-18;1,79848E+11;0,18
2019-04-19;1,80792E+11;0,18
2019-04-20;1,81736E+11;0,18
2019-04-21;1,8268E+11;0,18
2019-04-22;1,83624E+11;0,18
2019-04-23;1,82795E+11;0,18
2019-04-24;1,81965E+11;0,18
2019-04-25;1,81136E+11;0,18
2019-04-26;1,80307E+11;0,18
2019-04-27;1,79477E+11;0,18
2019-04-28;1,78648E+11;0,18
2019-04-29;1,77818E+11;0,18
2019-04-30;1,76989E+11;0,18
2019-05-01;1,76159E+11;0,18
2019-05-02;1,77634E+11;0,18
2019-05-03;1,79109E+11;0,18
2019-05-04;1,80585E+11;0,18
2019-05-05;1,8206E+11;0,18
2019-05-06;1,83535E+11;0,18
2019-05-07;1,8501E+11;0,19
2019-05-08;1,86485E+11;0,19
2019-05-09;1,95295E+11;0,20
2019-05-10;2,04106E+11;0,20
2019-05-11;2,12917E+11;0,21
2019-05-12;2,21727E+11;0,22
2019-05-13;2,30538E+11;0,23
2019-05-14;2,39349E+11;0,24
2019-05-15;2,48159E+11;0,25
2019-05-16;2,47924E+11;0,25
2019-05-17;2,47688E+11;0,25
2019-05-18;2,47452E+11;0,25
2019-05-19;2,47216E+11;0,25
2019-05-20;2,46981E+11;0,25
2019-05-21;2,46745E+11;0,25
2019-05-22;2,46509E+11;0,25
2019-05-23;2,49596E+11;0,25
2019-05-24;2,52683E+11;0,25
2019-05-25;2,5577E+11;0,26
2019-05-26;2,58857E+11;0,26
2019-05-27;2,61944E+11;0,26
2019-05-28;2,65031E+11;0,27
2019-05-29;2,68119E+11;0,27
2019-05-30;2,71206E+11;0,27
2019-05-31;2,74293E+11;0,27
2019-06-01;2,7738E+11;0,28
2019-06-02;2,72337E+11;0,27
2019-06-03;2,67295E+11;0,27
2019-06-04;2,62252E+11;0,26
2019-06-05;2,5721E+11;0,26
2019-06-06;2,52168E+11;0,25
2019-06-07;2,47125E+11;0,25
2019-06-08;2,42083E+11;0,24
2019-06-09;2,48074E+11;0,25
2019-06-10;2,54064E+11;0,25
2019-06-11;2,60055E+11;0,26
2019-06-12;2,66046E+11;0,27
2019-06-13;2,72037E+11;0,27
2019-06-14;2,78027E+11;0,28
2019-06-15;2,84018E+11;0,28
2019-06-16;2,90546E+11;0,29
2019-06-17;2,97074E+11;0,30
2019-06-18;3,03602E+11;0,30
2019-06-19;3,10129E+11;0,31
2019-06-20;3,16657E+11;0,32
2019-06-21;3,23185E+11;0,32
2019-06-22;3,29713E+11;0,33
2019-06-23;3,27986E+11;0,33
2019-06-24;3,26259E+11;0,33
2019-06-25;3,24531E+11;0,32
2019-06-26;3,22804E+11;0,32
2019-06-27;3,21077E+11;0,32
2019-06-28;3,1935E+11;0,32
2019-06-29;3,17623E+11;0,32
2019-06-30;3,15896E+11;0,32
2019-07-01;3,14169E+11;0,31
2019-07-02;3,19061E+11;0,32
2019-07-03;3,23953E+11;0,32
2019-07-04;3,28845E+11;0,33
2019-07-05;3,33737E+11;0,33
2019-07-06;3,38629E+11;0,34
2019-07-07;3,4352E+11;0,34
2019-07-08;3,48412E+11;0,35
2019-07-09;3,3544E+11;0,34
2019-07-10;3,22468E+11;0,32
2019-07-11;3,09496E+11;0,31
2019-07-12;2,96523E+11;0,30
2019-07-13;2,83551E+11;0,28
2019-07-14;2,70579E+11;0,27
2019-07-15;2,57607E+11;0,26
2019-07-16;2,60349E+11;0,26
2019-07-17;2,63092E+11;0,26
2019-07-18;2,65834E+11;0,27
2019-07-19;2,68577E+11;0,27
2019-07-20;2,71319E+11;0,27
2019-07-21;2,74062E+11;0,27
2019-07-22;2,76804E+11;0,28
2019-07-23;2,77601E+11;0,28
2019-07-24;2,78398E+11;0,28
2019-07-25;2,79195E+11;0,28
2019-07-26;2,79991E+11;0,28
2019-07-27;2,80788E+11;0,28
2019-07-28;2,81585E+11;0,28
2019-07-29;2,82382E+11;0,28
2019-07-30;2,83178E+11;0,28
2019-07-31;2,83975E+11;0,28
2019-08-01;2,84772E+11;0,28
2019-08-02;2,8749E+11;0,29
2019-08-03;2,90208E+11;0,29
2019-08-04;2,92926E+11;0,29
2019-08-05;2,95643E+11;0,30
2019-08-06;2,98361E+11;0,30
2019-08-07;3,01079E+11;0,30
2019-08-08;3,03797E+11;0,30
2019-08-09;2,98942E+11;0,30
2019-08-10;2,94088E+11;0,29
2019-08-11;2,89233E+11;0,29
2019-08-12;2,84378E+11;0,28
2019-08-13;2,79523E+11;0,28
2019-08-14;2,74669E+11;0,27
2019-08-15;2,69814E+11;0,27
2019-08-16;2,70205E+11;0,27
2019-08-17;2,70596E+11;0,27
2019-08-18;2,70988E+11;0,27
2019-08-19;2,71379E+11;0,27
2019-08-20;2,7177E+11;0,27
2019-08-21;2,72161E+11;0,27
2019-08-22;2,72552E+11;0,27
2019-08-23;2,7186E+11;0,27
2019-08-24;2,71167E+11;0,27
2019-08-25;2,70474E+11;0,27
2019-08-26;2,69782E+11;0,27
2019-08-27;2,69089E+11;0,27
2019-08-28;2,68396E+11;0,27
2019-08-29;2,67704E+11;0,27
2019-08-30;2,67011E+11;0,27
2019-08-31;2,66318E+11;0,27
2019-09-01;2,65626E+11;0,27
2019-09-02;2,65788E+11;0,27
2019-09-03;2,6595E+11;0,27
2019-09-04;2,66112E+11;0,27
2019-09-05;2,66274E+11;0,27
2019-09-06;2,66436E+11;0,27
2019-09-07;2,66599E+11;0,27
2019-09-08;2,66761E+11;0,27
2019-09-09;2,6684E+11;0,27
2019-09-10;2,6692E+11;0,27
2019-09-11;2,66999E+11;0,27
2019-09-12;2,67078E+11;0,27
2019-09-13;2,67158E+11;0,27
2019-09-14;2,67237E+11;0,27
2019-09-15;2,67317E+11;0,27
2019-09-16;2,65799E+11;0,27
2019-09-17;2,64282E+11;0,26
2019-09-18;2,62764E+11;0,26
2019-09-19;2,61246E+11;0,26
2019-09-20;2,59729E+11;0,26
2019-09-21;2,58211E+11;0,26
2019-09-22;2,56694E+11;0,26
2019-09-23;2,52694E+11;0,25
2019-09-24;2,48694E+11;0,25
2019-09-25;2,44694E+11;0,24
2019-09-26;2,40694E+11;0,24
2019-09-27;2,36695E+11;0,24
2019-09-28;2,32695E+11;0,23
2019-09-29;2,28695E+11;0,23
2019-09-30;2,24695E+11;0,22
2019-10-01;2,20696E+11;0,22
2019-10-02;2,22242E+11;0,22
2019-10-03;2,23788E+11;0,22
2019-10-04;2,25335E+11;0,23
2019-10-05;2,26881E+11;0,23
2019-10-06;2,28427E+11;0,23
2019-10-07;2,29974E+11;0,23
2019-10-08;2,3152E+11;0,23
2019-10-09;2,29618E+11;0,23
2019-10-10;2,27716E+11;0,23
2019-10-11;2,25814E+11;0,23
2019-10-12;2,23912E+11;0,22
2019-10-13;2,2201E+11;0,22
2019-10-14;2,20107E+11;0,22
2019-10-15;2,18205E+11;0,22
2019-10-16;2,16113E+11;0,22
2019-10-17;2,14021E+11;0,21
2019-10-18;2,11929E+11;0,21
2019-10-19;2,09837E+11;0,21
2019-10-20;2,07745E+11;0,21
2019-10-21;2,05653E+11;0,21
2019-10-22;2,03561E+11;0,20
2019-10-23;2,08149E+11;0,21
2019-10-24;2,12736E+11;0,21
2019-10-25;2,17324E+11;0,22
2019-10-26;2,21911E+11;0,22
2019-10-27;2,26498E+11;0,23
2019-10-28;2,31086E+11;0,23
2019-10-29;2,35673E+11;0,24
2019-10-30;2,40261E+11;0,24
2019-10-31;2,44848E+11;0,24
2019-11-01;2,49436E+11;0,25
2019-11-02;2,48198E+11;0,25
2019-11-03;2,4696E+11;0,25
2019-11-04;2,45722E+11;0,25
2019-11-05;2,44484E+11;0,24
2019-11-06;2,43246E+11;0,24
2019-11-07;2,42009E+11;0,24
2019-11-08;2,40771E+11;0,24
2019-11-09;2,39732E+11;0,24
2019-11-10;2,38693E+11;0,24
2019-11-11;2,37653E+11;0,24
2019-11-12;2,36614E+11;0,24
2019-11-13;2,35575E+11;0,24
2019-11-14;2,34536E+11;0,23
2019-11-15;2,33497E+11;0,23
2019-11-16;2,2877E+11;0,23
2019-11-17;2,24043E+11;0,22
2019-11-18;2,19316E+11;0,22
2019-11-19;2,14589E+11;0,21
2019-11-20;2,09862E+11;0,21
2019-11-21;2,05135E+11;0,21
2019-11-22;2,00408E+11;0,20
2019-11-23;2,00309E+11;0,20
2019-11-24;2,00209E+11;0,20
2019-11-25;2,0011E+11;0,20
2019-11-26;2,0001E+11;0,20
2019-11-27;1,99911E+11;0,20
2019-11-28;1,99811E+11;0,20
2019-11-29;1,99712E+11;0,20
2019-11-30;1,99612E+11;0,20
2019-12-01;1,99513E+11;0,20
2019-12-02;1,995E+11;0,20
2019-12-03;1,99488E+11;0,20
2019-12-04;1,99476E+11;0,20
2019-12-05;1,99463E+11;0,20
2019-12-06;1,99451E+11;0,20
2019-12-07;1,99438E+11;0,20
2019-12-08;1,99426E+11;0,20
2019-12-09;1,97565E+11;0,20
2019-12-10;1,95703E+11;0,20
2019-12-11;1,93842E+11;0,19
2019-12-12;1,9198E+11;0,19
2019-12-13;1,90119E+11;0,19
2019-12-14;1,88257E+11;0,19
2019-12-15;1,86396E+11;0,19
2019-12-16;1,8717E+11;0,19
2019-12-17;1,87945E+11;0,19
2019-12-18;1,8872E+11;0,19
2019-12-19;1,89494E+11;0,19
2019-12-20;1,90269E+11;0,19
2019-12-21;1,91043E+11;0,19
2019-12-22;1,91818E+11;0,19
2019-12-23;1,91949E+11;0,19
2019-12-24;1,92081E+11;0,19
2019-12-25;1,92213E+11;0,19
2019-12-26;1,92344E+11;0,19
2019-12-27;1,92476E+11;0,19
2019-12-28;1,92608E+11;0,19
2019-12-29;1,92739E+11;0,19
2019-12-30;1,92871E+11;0,19
2019-12-31;1,93003E+11;0,19
2020-01-01;1,85646E+11;0,19
2020-01-02;1,88667E+11;0,19
2020-01-03;1,91687E+11;0,19
2020-01-04;1,94707E+11;0,19
2020-01-05;1,97728E+11;0,20
2020-01-06;2,00748E+11;0,20
2020-01-07;2,03768E+11;0,20
2020-01-08;2,06789E+11;0,21
2020-01-09;2,11313E+11;0,21
2020-01-10;2,15837E+11;0,22
2020-01-11;2,20362E+11;0,22
2020-01-12;2,24886E+11;0,22
2020-01-13;2,29411E+11;0,23
2020-01-14;2,33935E+11;0,23
2020-01-15;2,3846E+11;0,24
2020-01-16;2,37373E+11;0,24
2020-01-17;2,36286E+11;0,24
2020-01-18;2,352E+11;0,24
2020-01-19;2,34113E+11;0,23
2020-01-20;2,33027E+11;0,23
2020-01-21;2,3194E+11;0,23
2020-01-22;2,30853E+11;0,23
2020-01-23;2,33812E+11;0,23
2020-01-24;2,36771E+11;0,24
2020-01-25;2,3973E+11;0,24
2020-01-26;2,42689E+11;0,24
2020-01-27;2,45648E+11;0,25
2020-01-28;2,48607E+11;0,25
2020-01-29;2,51566E+11;0,25
2020-01-30;2,54524E+11;0,25
2020-01-31;2,57483E+11;0,26
2020-02-01;2,60442E+11;0,26
2020-02-02;2,64273E+11;0,26
2020-02-03;2,68103E+11;0,27
2020-02-04;2,71934E+11;0,27
2020-02-05;2,75764E+11;0,28
2020-02-06;2,79595E+11;0,28
2020-02-07;2,83426E+11;0,28
2020-02-08;2,87256E+11;0,29
2020-02-09;2,8696E+11;0,29
2020-02-10;2,86664E+11;0,29
2020-02-11;2,86368E+11;0,29
2020-02-12;2,86071E+11;0,29
2020-02-13;2,85775E+11;0,29
2020-02-14;2,85479E+11;0,29
2020-02-15;2,85183E+11;0,29
2020-02-16;2,85582E+11;0,29
2020-02-17;2,85982E+11;0,29
2020-02-18;2,86381E+11;0,29
2020-02-19;2,86781E+11;0,29
2020-02-20;2,8718E+11;0,29
2020-02-21;2,87579E+11;0,29
2020-02-22;2,87979E+11;0,29
2020-02-23;2,83954E+11;0,28
2020-02-24;2,7993E+11;0,28
2020-02-25;2,75905E+11;0,28
2020-02-26;2,71881E+11;0,27
2020-02-27;2,67857E+11;0,27
2020-02-28;2,63832E+11;0,26
2020-02-29;2,59808E+11;0,26
2020-03-01;2,55783E+11;0,26
2020-03-02;2,51166E+11;0,25
2020-03-03;2,46549E+11;0,25
2020-03-04;2,41932E+11;0,24
2020-03-05;2,37315E+11;0,24
2020-03-06;2,32698E+11;0,23
2020-03-07;2,28081E+11;0,23
2020-03-08;2,23464E+11;0,22
2020-03-09;2,119E+11;0,21
2020-03-10;2,00335E+11;0,20
2020-03-11;1,8877E+11;0,19
2020-03-12;1,77206E+11;0,18
2020-03-13;1,65641E+11;0,17
2020-03-14;1,54076E+11;0,15
2020-03-15;1,42512E+11;0,14
2020-03-16;1,47524E+11;0,15
2020-03-17;1,52536E+11;0,15
2020-03-18;1,57548E+11;0,16
2020-03-19;1,62561E+11;0,16
2020-03-20;1,67573E+11;0,17
2020-03-21;1,72585E+11;0,17
2020-03-22;1,77598E+11;0,18
2020-03-23;1,78919E+11;0,18
2020-03-24;1,80239E+11;0,18
2020-03-25;1,8156E+11;0,18
2020-03-26;1,82881E+11;0,18
2020-03-27;1,84202E+11;0,18
2020-03-28;1,85523E+11;0,19
2020-03-29;1,86844E+11;0,19
2020-03-30;1,88164E+11;0,19
2020-03-31;1,89485E+11;0,19
2020-04-01;1,90806E+11;0,19
2020-04-02;1,9386E+11;0,19
2020-04-03;1,96914E+11;0,20
2020-04-04;1,99968E+11;0,20
2020-04-05;2,03022E+11;0,20
2020-04-06;2,06076E+11;0,21
2020-04-07;2,0913E+11;0,21
2020-04-08;2,08373E+11;0,21
2020-04-09;2,07615E+11;0,21
2020-04-10;2,06857E+11;0,21
2020-04-11;2,06099E+11;0,21
2020-04-12;2,05342E+11;0,21
2020-04-13;2,04584E+11;0,20
2020-04-14;2,03826E+11;0,20
2020-04-15;2,05137E+11;0,21
2020-04-16;2,06449E+11;0,21
2020-04-17;2,0776E+11;0,21
2020-04-18;2,09072E+11;0,21
2020-04-19;2,10383E+11;0,21
2020-04-20;2,11695E+11;0,21
2020-04-21;2,13006E+11;0,21
2020-04-22;2,14318E+11;0,21
2020-04-23;2,1861E+11;0,22
2020-04-24;2,22901E+11;0,22
2020-04-25;2,27193E+11;0,23
2020-04-26;2,31485E+11;0,23
2020-04-27;2,35777E+11;0,24
2020-04-28;2,40068E+11;0,24
2020-04-29;2,4436E+11;0,24
2020-04-30;2,48652E+11;0,25
2020-05-01;2,52944E+11;0,25
2020-05-02;2,54591E+11;0,25
2020-05-03;2,56238E+11;0,26
2020-05-04;2,57885E+11;0,26
2020-05-05;2,59532E+11;0,26
2020-05-06;2,61179E+11;0,26
2020-05-07;2,62825E+11;0,26
2020-05-08;2,64472E+11;0,26
2020-05-09;2,63407E+11;0,26
2020-05-10;2,62342E+11;0,26
2020-05-11;2,61276E+11;0,26
2020-05-12;2,60211E+11;0,26
2020-05-13;2,59145E+11;0,26
2020-05-14;2,5808E+11;0,26
2020-05-15;2,58014E+11;0,26
2020-05-16;2,57948E+11;0,26
2020-05-17;2,57882E+11;0,26
2020-05-18;2,57817E+11;0,26
2020-05-19;2,57751E+11;0,26
2020-05-20;2,57685E+11;0,26
2020-05-21;2,57619E+11;0,26
2020-05-22;2,57554E+11;0,26
2020-05-23;2,58815E+11;0,26
2020-05-24;2,60077E+11;0,26
2020-05-25;2,61339E+11;0,26
2020-05-26;2,62601E+11;0,26
2020-05-27;2,63862E+11;0,26
2020-05-28;2,65124E+11;0,27
2020-05-29;2,66386E+11;0,27
2020-05-30;2,67648E+11;0,27
2020-05-31;2,6891E+11;0,27
2020-06-01;2,70171E+11;0,27
2020-06-02;2,71377E+11;0,27
2020-06-03;2,72582E+11;0,27
2020-06-04;2,73787E+11;0,27
2020-06-05;2,74993E+11;0,27
2020-06-06;2,76198E+11;0,28
2020-06-07;2,77403E+11;0,28
2020-06-08;2,78609E+11;0,28
2020-06-09;2,77473E+11;0,28
2020-06-10;2,76337E+11;0,28
2020-06-11;2,75201E+11;0,28
2020-06-12;2,74065E+11;0,27
2020-06-13;2,7293E+11;0,27
2020-06-14;2,71794E+11;0,27
2020-06-15;2,70658E+11;0,27
2020-06-16;2,71517E+11;0,27
2020-06-17;2,72377E+11;0,27
2020-06-18;2,73236E+11;0,27
2020-06-19;2,74096E+11;0,27
2020-06-20;2,74955E+11;0,27
2020-06-21;2,75815E+11;0,28
2020-06-22;2,76674E+11;0,28
2020-06-23;2,75156E+11;0,28
2020-06-24;2,73638E+11;0,27
2020-06-25;2,7212E+11;0,27
2020-06-26;2,70602E+11;0,27
2020-06-27;2,69084E+11;0,27
2020-06-28;2,67566E+11;0,27
2020-06-29;2,66048E+11;0,27
2020-06-30;2,6453E+11;0,26
2020-07-01;2,63012E+11;0,26
2020-07-02;2,6493E+11;0,26
2020-07-03;2,66848E+11;0,27
2020-07-04;2,68765E+11;0,27
2020-07-05;2,70683E+11;0,27
2020-07-06;2,726E+11;0,27
2020-07-07;2,74518E+11;0,27
2020-07-08;2,76435E+11;0,28
2020-07-09;2,76181E+11;0,28
2020-07-10;2,75926E+11;0,28
2020-07-11;2,75672E+11;0,28
2020-07-12;2,75417E+11;0,28
2020-07-13;2,75163E+11;0,28
2020-07-14;2,74908E+11;0,27
2020-07-15;2,74653E+11;0,27
2020-07-16;2,7725E+11;0,28
2020-07-17;2,79847E+11;0,28
2020-07-18;2,82443E+11;0,28
2020-07-19;2,8504E+11;0,29
2020-07-20;2,87636E+11;0,29
2020-07-21;2,90233E+11;0,29
2020-07-22;2,9283E+11;0,29
2020-07-23;2,9776E+11;0,30
2020-07-24;3,02691E+11;0,30
2020-07-25;3,07622E+11;0,31
2020-07-26;3,12553E+11;0,31
2020-07-27;3,17484E+11;0,32
2020-07-28;3,22414E+11;0,32
2020-07-29;3,27345E+11;0,33
2020-07-30;3,32276E+11;0,33
2020-07-31;3,37207E+11;0,34
2020-08-01;3,42137E+11;0,34
2020-08-02;3,45311E+11;0,35
2020-08-03;3,48485E+11;0,35
2020-08-04;3,51658E+11;0,35
2020-08-05;3,54832E+11;0,35
2020-08-06;3,58006E+11;0,36
2020-08-07;3,6118E+11;0,36
2020-08-08;3,64353E+11;0,36
2020-08-09;3,67387E+11;0,37
2020-08-10;3,7042E+11;0,37
2020-08-11;3,73453E+11;0,37
2020-08-12;3,76487E+11;0,38
2020-08-13;3,7952E+11;0,38
2020-08-14;3,82553E+11;0,38
2020-08-15;3,85587E+11;0,39
2020-08-16;3,84209E+11;0,38
2020-08-17;3,82832E+11;0,38
2020-08-18;3,81455E+11;0,38
2020-08-19;3,80078E+11;0,38
2020-08-20;3,787E+11;0,38
2020-08-21;3,77323E+11;0,38
2020-08-22;3,75946E+11;0,38
2020-08-23;3,76876E+11;0,38
2020-08-24;3,77806E+11;0,38
2020-08-25;3,78736E+11;0,38
2020-08-26;3,79666E+11;0,38
2020-08-27;3,80596E+11;0,38
2020-08-28;3,81526E+11;0,38
2020-08-29;3,82456E+11;0,38
2020-08-30;3,83386E+11;0,38
2020-08-31;3,84316E+11;0,38
2020-09-01;3,85246E+11;0,39
2020-09-02;3,78254E+11;0,38
2020-09-03;3,71262E+11;0,37
2020-09-04;3,6427E+11;0,36
2020-09-05;3,57278E+11;0,36
2020-09-06;3,50286E+11;0,35
2020-09-07;3,43294E+11;0,34
2020-09-08;3,36302E+11;0,34
2020-09-09;3,39071E+11;0,34
2020-09-10;3,41841E+11;0,34
2020-09-11;3,44611E+11;0,34
2020-09-12;3,4738E+11;0,35
2020-09-13;3,5015E+11;0,35
2020-09-14;3,5292E+11;0,35
2020-09-15;3,55689E+11;0,36
2020-09-16;3,51551E+11;0,35
2020-09-17;3,47413E+11;0,35
2020-09-18;3,43275E+11;0,34
2020-09-19;3,39137E+11;0,34
2020-09-20;3,34999E+11;0,33
2020-09-21;3,30861E+11;0,33
2020-09-22;3,26723E+11;0,33
2020-09-23;3,28334E+11;0,33
2020-09-24;3,29944E+11;0,33
2020-09-25;3,31555E+11;0,33
2020-09-26;3,33165E+11;0,33
2020-09-27;3,34776E+11;0,33
2020-09-28;3,36386E+11;0,34
2020-09-29;3,37997E+11;0,34
2020-09-30;3,39607E+11;0,34
2020-10-01;3,41217E+11;0,34
2020-10-02;3,43476E+11;0,34
2020-10-03;3,45734E+11;0,35
2020-10-04;3,47993E+11;0,35
2020-10-05;3,50251E+11;0,35
2020-10-06;3,5251E+11;0,35
2020-10-07;3,54768E+11;0,35
2020-10-08;3,57026E+11;0,36
2020-10-09;3,57574E+11;0,36
2020-10-10;3,58122E+11;0,36
2020-10-11;3,58669E+11;0,36
2020-10-12;3,59217E+11;0,36
2020-10-13;3,59765E+11;0,36
2020-10-14;3,60312E+11;0,36
2020-10-15;3,6086E+11;0,36
2020-10-16;3,66289E+11;0,37
2020-10-17;3,71717E+11;0,37
2020-10-18;3,77146E+11;0,38
2020-10-19;3,82575E+11;0,38
2020-10-20;3,88003E+11;0,39
2020-10-21;3,93432E+11;0,39
2020-10-22;3,9886E+11;0,40
2020-10-23;3,99042E+11;0,40
2020-10-24;3,99223E+11;0,40
2020-10-25;3,99404E+11;0,40
2020-10-26;3,99585E+11;0,40
2020-10-27;3,99766E+11;0,40
2020-10-28;3,99947E+11;0,40
2020-10-29;4,00129E+11;0,40
2020-10-30;4,0031E+11;0,40
2020-10-31;4,00491E+11;0,40
2020-11-01;4,00672E+11;0,40
2020-11-02;4,0707E+11;0,41
2020-11-03;4,13469E+11;0,41
2020-11-04;4,19867E+11;0,42
2020-11-05;4,26266E+11;0,43
2020-11-06;4,32664E+11;0,43
2020-11-07;4,39062E+11;0,44
2020-11-08;4,45461E+11;0,45
2020-11-09;4,50683E+11;0,45
2020-11-10;4,55906E+11;0,46
2020-11-11;4,61129E+11;0,46
2020-11-12;4,66351E+11;0,47
2020-11-13;4,71574E+11;0,47
2020-11-14;4,76796E+11;0,48
2020-11-15;4,82019E+11;0,48
2020-11-16;4,93462E+11;0,49
2020-11-17;5,04905E+11;0,50
2020-11-18;5,16347E+11;0,52
2020-11-19;5,2779E+11;0,53
2020-11-20;5,39233E+11;0,54
2020-11-21;5,50676E+11;0,55
2020-11-22;5,62119E+11;0,56
2020-11-23;5,63913E+11;0,56
2020-11-24;5,65707E+11;0,57
2020-11-25;5,67501E+11;0,57
2020-11-26;5,69296E+11;0,57
2020-11-27;5,7109E+11;0,57
2020-11-28;5,72884E+11;0,57
2020-11-29;5,74679E+11;0,57
2020-11-30;5,76473E+11;0,58
2020-12-01;5,78267E+11;0,58
2020-12-02;5,75461E+11;0,58
2020-12-03;5,72655E+11;0,57
2020-12-04;5,69848E+11;0,57
2020-12-05;5,67042E+11;0,57
2020-12-06;5,64236E+11;0,56
2020-12-07;5,6143E+11;0,56
2020-12-08;5,58624E+11;0,56
2020-12-09;5,6802E+11;0,57
2020-12-10;5,77416E+11;0,58
2020-12-11;5,86812E+11;0,59
2020-12-12;5,96208E+11;0,60
2020-12-13;6,05604E+11;0,61
2020-12-14;6,15E+11;0,62
2020-12-15;6,24396E+11;0,62
2020-12-16;6,26202E+11;0,63
2020-12-17;6,28008E+11;0,63
2020-12-18;6,29814E+11;0,63
2020-12-19;6,3162E+11;0,63
2020-12-20;6,33426E+11;0,63
2020-12-21;6,35232E+11;0,64
2020-12-22;6,37037E+11;0,64
2020-12-23;6,51063E+11;0,65
2020-12-24;6,65088E+11;0,67
2020-12-25;6,79113E+11;0,68
2020-12-26;6,93138E+11;0,69
2020-12-27;7,07163E+11;0,71
2020-12-28;7,21188E+11;0,72
2020-12-29;7,35213E+11;0,74
2020-12-30;7,49238E+11;0,75
2020-12-31;7,63263E+11;0,76
2021-01-01;8,46122E+11;0,85
2021-01-02;8,83433E+11;0,88
2021-01-03;9,20743E+11;0,92
2021-01-04;9,58053E+11;0,96
2021-01-05;9,95363E+11;1,00
2021-01-06;1,03267E+12;1,03
2021-01-07;1,06998E+12;1,07
2021-01-08;1,10729E+12;1,11
2021-01-09;1,09553E+12;1,10
2021-01-10;1,08377E+12;1,08
2021-01-11;1,07201E+12;1,07
2021-01-12;1,06024E+12;1,06
2021-01-13;1,04848E+12;1,05
2021-01-14;1,03672E+12;1,04
2021-01-15;1,02496E+12;1,02
2021-01-16;1,01445E+12;1,01
2021-01-17;1,00395E+12;1,00
2021-01-18;9,93446E+11;0,99
2021-01-19;9,82942E+11;0,98
2021-01-20;9,72438E+11;0,97
2021-01-21;9,61934E+11;0,96
2021-01-22;9,5143E+11;0,95
2021-01-23;9,65637E+11;0,97
2021-01-24;9,79843E+11;0,98
2021-01-25;9,9405E+11;0,99
2021-01-26;1,00826E+12;1,01
2021-01-27;1,02246E+12;1,02
2021-01-28;1,03667E+12;1,04
2021-01-29;1,05088E+12;1,05
2021-01-30;1,06508E+12;1,07
2021-01-31;1,07929E+12;1,08
2021-02-01;1,09349E+12;1,09
2021-02-02;1,13955E+12;1,14
2021-02-03;1,18561E+12;1,19
2021-02-04;1,23167E+12;1,23
2021-02-05;1,27773E+12;1,28
2021-02-06;1,32379E+12;1,32
2021-02-07;1,36985E+12;1,37
2021-02-08;1,41591E+12;1,42
2021-02-09;1,43039E+12;1,43
2021-02-10;1,44487E+12;1,44
2021-02-11;1,45935E+12;1,46
2021-02-12;1,47383E+12;1,47
2021-02-13;1,48831E+12;1,49
2021-02-14;1,5028E+12;1,50
2021-02-15;1,51728E+12;1,52
2021-02-16;1,51438E+12;1,51
2021-02-17;1,51148E+12;1,51
2021-02-18;1,50858E+12;1,51
2021-02-19;1,50569E+12;1,51
2021-02-20;1,50279E+12;1,50
2021-02-21;1,49989E+12;1,50
2021-02-22;1,49699E+12;1,50
2021-02-23;1,49702E+12;1,50
2021-02-24;1,49705E+12;1,50
2021-02-25;1,49708E+12;1,50
2021-02-26;1,49711E+12;1,50
2021-02-27;1,49714E+12;1,50
2021-02-28;1,49717E+12;1,50
2021-03-01;1,4972E+12;1,50
2021-03-02;1,53258E+12;1,53
2021-03-03;1,56795E+12;1,57
2021-03-04;1,60333E+12;1,60
2021-03-05;1,6387E+12;1,64
2021-03-06;1,67408E+12;1,67
2021-03-07;1,70945E+12;1,71
2021-03-08;1,74483E+12;1,74
2021-03-09;1,74933E+12;1,75
2021-03-10;1,75383E+12;1,75
2021-03-11;1,75833E+12;1,76
2021-03-12;1,76284E+12;1,76
2021-03-13;1,76734E+12;1,77
2021-03-14;1,77184E+12;1,77
2021-03-15;1,77634E+12;1,78
2021-03-16;1,52283E+12;1,52
2021-03-17;1,26931E+12;1,27
2021-03-18;1,0158E+12;1,02
2021-03-19;7,62286E+11;0,76
2021-03-20;5,08772E+11;0,51
2021-03-21;2,55258E+11;0,26
2021-03-22;1743920327;0,00
2021-03-23;1,98256E+11;0,20
2021-03-24;3,94768E+11;0,39
2021-03-25;5,9128E+11;0,59
2021-03-26;7,87792E+11;0,79
2021-03-27;9,84304E+11;0,98
2021-03-28;1,18082E+12;1,18
2021-03-29;1,37733E+12;1,38
2021-03-30;1,57384E+12;1,57
2021-03-31;1,77035E+12;1,77
2021-04-01;1,96686E+12;1,97
2021-04-02;1,97611E+12;1,98
2021-04-03;1,98535E+12;1,99
2021-04-04;1,9946E+12;1,99
2021-04-05;2,00384E+12;2,00
2021-04-06;2,01308E+12;2,01
2021-04-07;2,02233E+12;2,02
2021-04-08;2,03157E+12;2,03
2021-04-09;2,07214E+12;2,07
2021-04-10;2,11271E+12;2,11
2021-04-11;2,15327E+12;2,15
2021-04-12;2,19384E+12;2,19
2021-04-13;2,23441E+12;2,23
2021-04-14;2,27497E+12;2,27
2021-04-15;2,31554E+12;2,32
2021-04-16;2,26107E+12;2,26
2021-04-17;2,20661E+12;2,21
2021-04-18;2,15214E+12;2,15
2021-04-19;2,09768E+12;2,10
2021-04-20;2,04321E+12;2,04
2021-04-21;1,98874E+12;1,99
2021-04-22;1,93428E+12;1,93
2021-04-23;1,97334E+12;1,97
2021-04-24;2,0124E+12;2,01
2021-04-25;2,05146E+12;2,05
2021-04-26;2,09052E+12;2,09
2021-04-27;2,12959E+12;2,13
2021-04-28;2,16865E+12;2,17
2021-04-29;2,20771E+12;2,21
2021-04-30;2,24677E+12;2,25
2021-05-01;2,28583E+12;2,29
2021-05-02;2,3204E+12;2,32
2021-05-03;2,35496E+12;2,35
2021-05-04;2,38953E+12;2,39
2021-05-05;2,42409E+12;2,42
2021-05-06;2,45866E+12;2,46
2021-05-07;2,4306E+12;2,43
2021-05-08;2,40253E+12;2,40
2021-05-09;2,37447E+12;2,37
2021-05-10;2,34641E+12;2,35
2021-05-11;2,31835E+12;2,32
2021-05-12;2,29029E+12;2,29
2021-05-13;2,26223E+12;2,26
2021-05-14;2,23417E+12;2,23
2021-05-15;2,2061E+12;2,21
2021-05-16;2,09618E+12;2,10
2021-05-17;1,98625E+12;1,99
2021-05-18;1,87632E+12;1,88
2021-05-19;1,76639E+12;1,77
2021-05-20;1,65646E+12;1,66
2021-05-21;1,54653E+12;1,55
2021-05-22;1,43661E+12;1,44
2021-05-23;1,46706E+12;1,47
2021-05-24;1,49751E+12;1,50
2021-05-25;1,52796E+12;1,53
2021-05-26;1,55842E+12;1,56
2021-05-27;1,58887E+12;1,59
2021-05-28;1,61932E+12;1,62
2021-05-29;1,64977E+12;1,65
2021-05-30;1,68022E+12;1,68
2021-05-31;1,71068E+12;1,71
2021-06-01;1,74113E+12;1,74
2021-06-02;1,73297E+12;1,73
2021-06-03;1,72481E+12;1,72
2021-06-04;1,71665E+12;1,72
2021-06-05;1,70848E+12;1,71
2021-06-06;1,70032E+12;1,70
2021-06-07;1,69216E+12;1,69
2021-06-08;1,684E+12;1,68
2021-06-09;1,67904E+12;1,68
2021-06-10;1,67408E+12;1,67
2021-06-11;1,66912E+12;1,67
2021-06-12;1,66417E+12;1,66
2021-06-13;1,65921E+12;1,66
2021-06-14;1,65425E+12;1,65
2021-06-15;1,64929E+12;1,65
2021-06-16;1,61176E+12;1,61
2021-06-17;1,57423E+12;1,57
2021-06-18;1,5367E+12;1,54
2021-06-19;1,49916E+12;1,50
2021-06-20;1,46163E+12;1,46
2021-06-21;1,4241E+12;1,42
2021-06-22;1,38657E+12;1,39
2021-06-23;1,3923E+12;1,39
2021-06-24;1,39804E+12;1,40
2021-06-25;1,40377E+12;1,40
2021-06-26;1,4095E+12;1,41
2021-06-27;1,41524E+12;1,42
2021-06-28;1,42097E+12;1,42
2021-06-29;1,42671E+12;1,43
2021-06-30;1,43244E+12;1,43
2021-07-01;1,43818E+12;1,44
2021-07-02;1,44194E+12;1,44
2021-07-03;1,44571E+12;1,45
2021-07-04;1,44948E+12;1,45
2021-07-05;1,45325E+12;1,45
2021-07-06;1,45702E+12;1,46
2021-07-07;1,46078E+12;1,46
2021-07-08;1,46455E+12;1,46
2021-07-09;1,4453E+12;1,45
2021-07-10;1,42605E+12;1,43
2021-07-11;1,4068E+12;1,41
2021-07-12;1,38755E+12;1,39
2021-07-13;1,3683E+12;1,37
2021-07-14;1,34906E+12;1,35
2021-07-15;1,32981E+12;1,33
2021-07-16;1,3409E+12;1,34
2021-07-17;1,352E+12;1,35
2021-07-18;1,3631E+12;1,36
2021-07-19;1,37419E+12;1,37
2021-07-20;1,38529E+12;1,39
2021-07-21;1,39639E+12;1,40
2021-07-22;1,40748E+12;1,41
2021-07-23;1,43335E+12;1,43
2021-07-24;1,45922E+12;1,46
2021-07-25;1,48509E+12;1,49
2021-07-26;1,51096E+12;1,51
2021-07-27;1,53683E+12;1,54
2021-07-28;1,5627E+12;1,56
2021-07-29;1,58857E+12;1,59
2021-07-30;1,61444E+12;1,61
2021-07-31;1,64031E+12;1,64
2021-08-01;1,66618E+12;1,67
2021-08-02;1,70245E+12;1,70
2021-08-03;1,73872E+12;1,74
2021-08-04;1,77499E+12;1,77
2021-08-05;1,81126E+12;1,81
2021-08-06;1,84753E+12;1,85
2021-08-07;1,8838E+12;1,88
2021-08-08;1,92007E+12;1,92
2021-08-09;1,93787E+12;1,94
2021-08-10;1,95566E+12;1,96
2021-08-11;1,97346E+12;1,97
2021-08-12;1,99126E+12;1,99
2021-08-13;2,00905E+12;2,01
2021-08-14;2,02685E+12;2,03
2021-08-15;2,04465E+12;2,04
2021-08-16;2,07023E+12;2,07
2021-08-17;2,09582E+12;2,10
2021-08-18;2,12141E+12;2,12
2021-08-19;2,147E+12;2,15
2021-08-20;2,17258E+12;2,17
2021-08-21;2,19817E+12;2,20
2021-08-22;2,22376E+12;2,22
2021-08-23;2,23351E+12;2,23
2021-08-24;2,24325E+12;2,24
2021-08-25;2,253E+12;2,25
2021-08-26;2,26275E+12;2,26
2021-08-27;2,2725E+12;2,27
2021-08-28;2,28225E+12;2,28
2021-08-29;2,292E+12;2,29
2021-08-30;2,30174E+12;2,30
2021-08-31;2,31149E+12;2,31
2021-09-01;2,32124E+12;2,32
2021-09-02;2,30515E+12;2,31
2021-09-03;2,28905E+12;2,29
2021-09-04;2,27296E+12;2,27
2021-09-05;2,25686E+12;2,26
2021-09-06;2,24077E+12;2,24
2021-09-07;2,22467E+12;2,22
2021-09-08;2,20858E+12;2,21
2021-09-09;2,21421E+12;2,21
2021-09-10;2,21984E+12;2,22
2021-09-11;2,22547E+12;2,23
2021-09-12;2,2311E+12;2,23
2021-09-13;2,23673E+12;2,24
2021-09-14;2,24237E+12;2,24
2021-09-15;2,248E+12;2,25
2021-09-16;2,22623E+12;2,23
2021-09-17;2,20447E+12;2,20
2021-09-18;2,1827E+12;2,18
2021-09-19;2,16093E+12;2,16
2021-09-20;2,13917E+12;2,14
2021-09-21;2,1174E+12;2,12
2021-09-22;2,09564E+12;2,10
2021-09-23;2,11035E+12;2,11
2021-09-24;2,12507E+12;2,13
2021-09-25;2,13978E+12;2,14
2021-09-26;2,1545E+12;2,15
2021-09-27;2,16921E+12;2,17
2021-09-28;2,18393E+12;2,18
2021-09-29;2,19864E+12;2,20
2021-09-30;2,21335E+12;2,21
2021-10-01;2,22807E+12;2,23
2021-10-02;2,25478E+12;2,25
2021-10-03;2,28149E+12;2,28
2021-10-04;2,30819E+12;2,31
2021-10-05;2,3349E+12;2,33
2021-10-06;2,36161E+12;2,36
2021-10-07;2,38832E+12;2,39
2021-10-08;2,41503E+12;2,42
2021-10-09;2,43948E+12;2,44
2021-10-10;2,46393E+12;2,46
2021-10-11;2,48838E+12;2,49
2021-10-12;2,51284E+12;2,51
2021-10-13;2,53729E+12;2,54
2021-10-14;2,56174E+12;2,56
2021-10-15;2,5862E+12;2,59
2021-10-16;2,59699E+12;2,60
2021-10-17;2,60778E+12;2,61
2021-10-18;2,61857E+12;2,62
2021-10-19;2,62937E+12;2,63
2021-10-20;2,64016E+12;2,64
2021-10-21;2,65095E+12;2,65
2021-10-22;2,66175E+12;2,66
2021-10-23;2,68072E+12;2,68
2021-10-24;2,6997E+12;2,70
2021-10-25;2,71867E+12;2,72
2021-10-26;2,73765E+12;2,74
2021-10-27;2,75662E+12;2,76
2021-10-28;2,7756E+12;2,78
2021-10-29;2,79457E+12;2,79
2021-10-30;2,81355E+12;2,81
2021-10-31;2,83252E+12;2,83
2021-11-01;2,8515E+12;2,85
2021-11-02;2,88095E+12;2,88
2021-11-03;2,91039E+12;2,91
2021-11-04;2,93984E+12;2,94
2021-11-05;2,96929E+12;2,97
2021-11-06;2,99874E+12;3,00
2021-11-07;3,02819E+12;3,03
2021-11-08;3,05764E+12;3,06
2021-11-09;3,01823E+12;3,02
2021-11-10;2,97882E+12;2,98
2021-11-11;2,93941E+12;2,94
2021-11-12;2,9E+12;2,90
2021-11-13;2,86059E+12;2,86
2021-11-14;2,82118E+12;2,82
2021-11-15;2,78177E+12;2,78
2021-11-16;2,77508E+12;2,78
2021-11-17;2,76838E+12;2,77
2021-11-18;2,76169E+12;2,76
2021-11-19;2,755E+12;2,75
2021-11-20;2,74831E+12;2,75
2021-11-21;2,74161E+12;2,74
2021-11-22;2,73492E+12;2,73
2021-11-23;2,7377E+12;2,74
2021-11-24;2,74047E+12;2,74
2021-11-25;2,74324E+12;2,74
2021-11-26;2,74602E+12;2,75
2021-11-27;2,74879E+12;2,75
2021-11-28;2,75156E+12;2,75
2021-11-29;2,75434E+12;2,75
2021-11-30;2,75711E+12;2,76
2021-12-01;2,75988E+12;2,76
2021-12-02;2,70477E+12;2,70
2021-12-03;2,64965E+12;2,65
2021-12-04;2,59454E+12;2,59
2021-12-05;2,53943E+12;2,54
2021-12-06;2,48431E+12;2,48
2021-12-07;2,4292E+12;2,43
2021-12-08;2,37408E+12;2,37
2021-12-09;2,37047E+12;2,37
2021-12-10;2,36686E+12;2,37
2021-12-11;2,36324E+12;2,36
2021-12-12;2,35963E+12;2,36
2021-12-13;2,35602E+12;2,36
2021-12-14;2,3524E+12;2,35
2021-12-15;2,34879E+12;2,35
2021-12-16;2,37197E+12;2,37
2021-12-17;2,39515E+12;2,40
2021-12-18;2,41833E+12;2,42
2021-12-19;2,44151E+12;2,44
2021-12-20;2,46469E+12;2,46
2021-12-21;2,48787E+12;2,49
2021-12-22;2,51105E+12;2,51
2021-12-23;2,47827E+12;2,48
2021-12-24;2,44549E+12;2,45
2021-12-25;2,41271E+12;2,41
2021-12-26;2,37993E+12;2,38
2021-12-27;2,34715E+12;2,35
2021-12-28;2,31437E+12;2,31
2021-12-29;2,28159E+12;2,28
2021-12-30;2,24881E+12;2,25
2021-12-31;2,21603E+12;2,22
2022-01-01;2,38627E+12;2,39
2022-01-02;2,34467E+12;2,34
2022-01-03;2,30308E+12;2,30
2022-01-04;2,26148E+12;2,26
2022-01-05;2,21989E+12;2,22
2022-01-06;2,17829E+12;2,18
2022-01-07;2,13669E+12;2,14
2022-01-08;2,0951E+12;2,10
2022-01-09;2,11085E+12;2,11
2022-01-10;2,12661E+12;2,13
2022-01-11;2,14236E+12;2,14
2022-01-12;2,15812E+12;2,16
2022-01-13;2,17388E+12;2,17
2022-01-14;2,18963E+12;2,19
2022-01-15;2,20539E+12;2,21
2022-01-16;2,13616E+12;2,14
2022-01-17;2,06693E+12;2,07
2022-01-18;1,9977E+12;2,00
2022-01-19;1,92847E+12;1,93
2022-01-20;1,85924E+12;1,86
2022-01-21;1,79001E+12;1,79
2022-01-22;1,72078E+12;1,72
2022-01-23;1,72845E+12;1,73
2022-01-24;1,73612E+12;1,74
2022-01-25;1,7438E+12;1,74
2022-01-26;1,75147E+12;1,75
2022-01-27;1,75914E+12;1,76
2022-01-28;1,76681E+12;1,77
2022-01-29;1,77448E+12;1,77
2022-01-30;1,78215E+12;1,78
2022-01-31;1,78982E+12;1,79
2022-02-01;1,79749E+12;1,80
2022-02-02;1,84615E+12;1,85
2022-02-03;1,8948E+12;1,89
2022-02-04;1,94346E+12;1,94
2022-02-05;1,99211E+12;1,99
2022-02-06;2,04077E+12;2,04
2022-02-07;2,08942E+12;2,09
2022-02-08;2,13808E+12;2,14
2022-02-09;2,13033E+12;2,13
2022-02-10;2,12258E+12;2,12
2022-02-11;2,11483E+12;2,11
2022-02-12;2,10708E+12;2,11
2022-02-13;2,09932E+12;2,10
2022-02-14;2,09157E+12;2,09
2022-02-15;2,08382E+12;2,08
2022-02-16;2,0421E+12;2,04
2022-02-17;2,00037E+12;2,00
2022-02-18;1,95865E+12;1,96
2022-02-19;1,91692E+12;1,92
2022-02-20;1,8752E+12;1,88
2022-02-21;1,83347E+12;1,83
2022-02-22;1,79175E+12;1,79
2022-02-23;1,8249E+12;1,82
2022-02-24;1,85805E+12;1,86
2022-02-25;1,89121E+12;1,89
2022-02-26;1,92436E+12;1,92
2022-02-27;1,95751E+12;1,96
2022-02-28;1,99067E+12;1,99
2022-03-01;2,02382E+12;2,02
2022-03-02;2,00823E+12;2,01
2022-03-03;1,99264E+12;1,99
2022-03-04;1,97706E+12;1,98
2022-03-05;1,96147E+12;1,96
2022-03-06;1,94588E+12;1,95
2022-03-07;1,9303E+12;1,93
2022-03-08;1,91471E+12;1,91
2022-03-09;1,91159E+12;1,91
2022-03-10;1,90847E+12;1,91
2022-03-11;1,90536E+12;1,91
2022-03-12;1,90224E+12;1,90
2022-03-13;1,89912E+12;1,90
2022-03-14;1,89601E+12;1,90
2022-03-15;1,89289E+12;1,89
2022-03-16;1,91124E+12;1,91
2022-03-17;1,9296E+12;1,93
2022-03-18;1,94796E+12;1,95
2022-03-19;1,96631E+12;1,97
2022-03-20;1,98467E+12;1,98
2022-03-21;2,00303E+12;2,00
2022-03-22;2,02138E+12;2,02
2022-03-23;2,04433E+12;2,04
2022-03-24;2,06727E+12;2,07
2022-03-25;2,09022E+12;2,09
2022-03-26;2,11317E+12;2,11
2022-03-27;2,13611E+12;2,14
2022-03-28;2,15906E+12;2,16
2022-03-29;2,182E+12;2,18
2022-03-30;2,20495E+12;2,20
2022-03-31;2,2279E+12;2,23
2022-04-01;2,25084E+12;2,25
2022-04-02;2,2254E+12;2,23
2022-04-03;2,19995E+12;2,20
2022-04-04;2,17451E+12;2,17
2022-04-05;2,14906E+12;2,15
2022-04-06;2,12362E+12;2,12
2022-04-07;2,09817E+12;2,10
2022-04-08;2,07273E+12;2,07
2022-04-09;2,05979E+12;2,06
2022-04-10;2,04686E+12;2,05
2022-04-11;2,03392E+12;2,03
2022-04-12;2,02098E+12;2,02
2022-04-13;2,00805E+12;2,01
2022-04-14;1,99511E+12;2,00
2022-04-15;1,98218E+12;1,98
2022-04-16;1,97812E+12;1,98
2022-04-17;1,97406E+12;1,97
2022-04-18;1,97E+12;1,97
2022-04-19;1,96594E+12;1,97
2022-04-20;1,96188E+12;1,96
2022-04-21;1,95781E+12;1,96
2022-04-22;1,95375E+12;1,95
2022-04-23;1,9404E+12;1,94
2022-04-24;1,92704E+12;1,93
2022-04-25;1,91368E+12;1,91
2022-04-26;1,90032E+12;1,90
2022-04-27;1,88696E+12;1,89
2022-04-28;1,8736E+12;1,87
2022-04-29;1,86024E+12;1,86
2022-04-30;1,84688E+12;1,85
2022-05-01;1,83352E+12;1,83
2022-05-02;1,7818E+12;1,78
2022-05-03;1,73008E+12;1,73
2022-05-04;1,67836E+12;1,68
2022-05-05;1,62663E+12;1,63
2022-05-06;1,57491E+12;1,57
2022-05-07;1,52319E+12;1,52
2022-05-08;1,47147E+12;1,47
2022-05-09;1,45341E+12;1,45
2022-05-10;1,43535E+12;1,44
2022-05-11;1,41729E+12;1,42
2022-05-12;1,39924E+12;1,40
2022-05-13;1,38118E+12;1,38
2022-05-14;1,36312E+12;1,36
2022-05-15;1,34506E+12;1,35
2022-05-16;1,341E+12;1,34
2022-05-17;1,33695E+12;1,34
2022-05-18;1,33289E+12;1,33
2022-05-19;1,32883E+12;1,33
2022-05-20;1,32477E+12;1,32
2022-05-21;1,32071E+12;1,32
2022-05-22;1,31665E+12;1,32
2022-05-23;1,3165E+12;1,32
2022-05-24;1,31634E+12;1,32
2022-05-25;1,31618E+12;1,32
2022-05-26;1,31602E+12;1,32
2022-05-27;1,31586E+12;1,32
2022-05-28;1,3157E+12;1,32
2022-05-29;1,31554E+12;1,32
2022-05-30;1,31538E+12;1,32
2022-05-31;1,31522E+12;1,32
2022-06-01;1,31506E+12;1,32
2022-06-02;1,31138E+12;1,31
2022-06-03;1,3077E+12;1,31
2022-06-04;1,30402E+12;1,30
2022-06-05;1,30034E+12;1,30
2022-06-06;1,29666E+12;1,30
2022-06-07;1,29298E+12;1,29
2022-06-08;1,2893E+12;1,29
2022-06-09;1,23734E+12;1,24
2022-06-10;1,18538E+12;1,19
2022-06-11;1,13342E+12;1,13
2022-06-12;1,08146E+12;1,08
2022-06-13;1,0295E+12;1,03
2022-06-14;9,77539E+11;0,98
2022-06-15;9,25579E+11;0,93
2022-06-16;9,31561E+11;0,93
2022-06-17;9,37542E+11;0,94
2022-06-18;9,43524E+11;0,94
2022-06-19;9,49505E+11;0,95
2022-06-20;9,55487E+11;0,96
2022-06-21;9,61469E+11;0,96
2022-06-22;9,6745E+11;0,97
2022-06-23;9,61233E+11;0,96
2022-06-24;9,55015E+11;0,96
2022-06-25;9,48798E+11;0,95
2022-06-26;9,4258E+11;0,94
2022-06-27;9,36362E+11;0,94
2022-06-28;9,30145E+11;0,93
2022-06-29;9,23927E+11;0,92
2022-06-30;9,1771E+11;0,92
2022-07-01;9,11492E+11;0,91
2022-07-02;9,23764E+11;0,92
2022-07-03;9,36036E+11;0,94
2022-07-04;9,48309E+11;0,95
2022-07-05;9,60581E+11;0,96
2022-07-06;9,72853E+11;0,97
2022-07-07;9,85125E+11;0,99
2022-07-08;9,97397E+11;1,00
2022-07-09;9,9887E+11;1,00
2022-07-10;1,00034E+12;1,00
2022-07-11;1,00182E+12;1,00
2022-07-12;1,00329E+12;1,00
2022-07-13;1,00476E+12;1,00
2022-07-14;1,00623E+12;1,01
2022-07-15;1,00771E+12;1,01
2022-07-16;1,0158E+12;1,02
2022-07-17;1,02389E+12;1,02
2022-07-18;1,03199E+12;1,03
2022-07-19;1,04008E+12;1,04
2022-07-20;1,04817E+12;1,05
2022-07-21;1,05627E+12;1,06
2022-07-22;1,06436E+12;1,06
2022-07-23;1,06962E+12;1,07
2022-07-24;1,07489E+12;1,07
2022-07-25;1,08016E+12;1,08
2022-07-26;1,08542E+12;1,09
2022-07-27;1,09069E+12;1,09
2022-07-28;1,09595E+12;1,10
2022-07-29;1,10122E+12;1,10
2022-07-30;1,10649E+12;1,11
2022-07-31;1,11175E+12;1,11
2022-08-01;1,11702E+12;1,12
2022-08-02;1,12066E+12;1,12
2022-08-03;1,12429E+12;1,12
2022-08-04;1,12793E+12;1,13
2022-08-05;1,13157E+12;1,13
2022-08-06;1,13521E+12;1,14
2022-08-07;1,13885E+12;1,14
2022-08-08;1,14249E+12;1,14
2022-08-09;1,14915E+12;1,15
2022-08-10;1,15581E+12;1,16
2022-08-11;1,16248E+12;1,16
2022-08-12;1,16914E+12;1,17
2022-08-13;1,17581E+12;1,18
2022-08-14;1,18247E+12;1,18
2022-08-15;1,18914E+12;1,19
2022-08-16;1,17295E+12;1,17
2022-08-17;1,15677E+12;1,16
2022-08-18;1,14058E+12;1,14
2022-08-19;1,1244E+12;1,12
2022-08-20;1,10821E+12;1,11
2022-08-21;1,09203E+12;1,09
2022-08-22;1,07584E+12;1,08
2022-08-23;1,07031E+12;1,07
2022-08-24;1,06479E+12;1,06
2022-08-25;1,05926E+12;1,06
2022-08-26;1,05373E+12;1,05
2022-08-27;1,04821E+12;1,05
2022-08-28;1,04268E+12;1,04
2022-08-29;1,03715E+12;1,04
2022-08-30;1,03163E+12;1,03
2022-08-31;1,0261E+12;1,03
2022-09-01;1,02057E+12;1,02
2022-09-02;1,03063E+12;1,03
2022-09-03;1,0407E+12;1,04
2022-09-04;1,05076E+12;1,05
2022-09-05;1,06082E+12;1,06
2022-09-06;1,07088E+12;1,07
2022-09-07;1,08094E+12;1,08
2022-09-08;1,09101E+12;1,09
2022-09-09;1,07798E+12;1,08
2022-09-10;1,06495E+12;1,06
2022-09-11;1,05192E+12;1,05
2022-09-12;1,03889E+12;1,04
2022-09-13;1,02586E+12;1,03
2022-09-14;1,01284E+12;1,01
2022-09-15;9,99808E+11;1,00
2022-09-16;9,97673E+11;1,00
2022-09-17;9,95538E+11;1,00
2022-09-18;9,93402E+11;0,99
2022-09-19;9,91267E+11;0,99
2022-09-20;9,89131E+11;0,99
2022-09-21;9,86996E+11;0,99
2022-09-22;9,8486E+11;0,98
2022-09-23;9,82961E+11;0,98
2022-09-24;9,81061E+11;0,98
2022-09-25;9,79162E+11;0,98
2022-09-26;9,77262E+11;0,98
2022-09-27;9,75362E+11;0,98
2022-09-28;9,73463E+11;0,97
2022-09-29;9,71563E+11;0,97
2022-09-30;9,69664E+11;0,97
2022-10-01;9,67764E+11;0,97
2022-10-02;9,69821E+11;0,97
2022-10-03;9,71878E+11;0,97
2022-10-04;9,73935E+11;0,97
2022-10-05;9,75992E+11;0,98
2022-10-06;9,78049E+11;0,98
2022-10-07;9,80106E+11;0,98
2022-10-08;9,82163E+11;0,98
2022-10-09;9,79879E+11;0,98
2022-10-10;9,77594E+11;0,98
2022-10-11;9,75309E+11;0,98
2022-10-12;9,73024E+11;0,97
2022-10-13;9,7074E+11;0,97
2022-10-14;9,68455E+11;0,97
2022-10-15;9,6617E+11;0,97
2022-10-16;9,65449E+11;0,97
2022-10-17;9,64729E+11;0,96
2022-10-18;9,64008E+11;0,96
2022-10-19;9,63287E+11;0,96
2022-10-20;9,62567E+11;0,96
2022-10-21;9,61846E+11;0,96
2022-10-22;9,61125E+11;0,96
2022-10-23;9,68241E+11;0,97
2022-10-24;9,75358E+11;0,98
2022-10-25;9,82474E+11;0,98
2022-10-26;9,8959E+11;0,99
2022-10-27;9,96706E+11;1,00
2022-10-28;1,00382E+12;1,00
2022-10-29;1,01094E+12;1,01
2022-10-30;1,01806E+12;1,02
2022-10-31;1,02517E+12;1,03
2022-11-01;1,03229E+12;1,03
2022-11-02;1,00376E+12;1,00
2022-11-03;9,75238E+11;0,98
2022-11-04;9,46713E+11;0,95
2022-11-05;9,18187E+11;0,92
2022-11-06;8,89662E+11;0,89
2022-11-07;8,61137E+11;0,86
2022-11-08;8,32612E+11;0,83
2022-11-09;8,37216E+11;0,84
2022-11-10;8,41819E+11;0,84
2022-11-11;8,46423E+11;0,85
2022-11-12;8,51026E+11;0,85
2022-11-13;8,55629E+11;0,86
2022-11-14;8,60233E+11;0,86
2022-11-15;8,64836E+11;0,86
2022-11-16;8,64707E+11;0,86
2022-11-17;8,64577E+11;0,86
2022-11-18;8,64447E+11;0,86
2022-11-19;8,64318E+11;0,86
2022-11-20;8,64188E+11;0,86
2022-11-21;8,64059E+11;0,86
2022-11-22;8,63929E+11;0,86
2022-11-23;8,67694E+11;0,87
2022-11-24;8,7146E+11;0,87
2022-11-25;8,75225E+11;0,88
2022-11-26;8,7899E+11;0,88
2022-11-27;8,82756E+11;0,88
2022-11-28;8,86521E+11;0,89
2022-11-29;8,90287E+11;0,89
2022-11-30;8,94052E+11;0,89
2022-12-01;8,97817E+11;0,90
2022-12-02;8,96612E+11;0,90
2022-12-03;8,95406E+11;0,90
2022-12-04;8,94201E+11;0,89
2022-12-05;8,92995E+11;0,89
2022-12-06;8,9179E+11;0,89
2022-12-07;8,90585E+11;0,89
2022-12-08;8,89379E+11;0,89
2022-12-09;8,82522E+11;0,88
2022-12-10;8,75664E+11;0,88
2022-12-11;8,68806E+11;0,87
2022-12-12;8,61949E+11;0,86
2022-12-13;8,55091E+11;0,86
2022-12-14;8,48234E+11;0,85
2022-12-15;8,41376E+11;0,84
2022-12-16;8,47496E+11;0,85
2022-12-17;8,53615E+11;0,85
2022-12-18;8,59735E+11;0,86
2022-12-19;8,65855E+11;0,87
2022-12-20;8,71974E+11;0,87
2022-12-21;8,78094E+11;0,88
2022-12-22;8,84213E+11;0,88
2022-12-23;8,79865E+11;0,88
2022-12-24;8,75517E+11;0,88
2022-12-25;8,71169E+11;0,87
2022-12-26;8,66821E+11;0,87
2022-12-27;8,62473E+11;0,86
2022-12-28;8,58124E+11;0,86
2022-12-29;8,53776E+11;0,85
2022-12-30;8,49428E+11;0,85
2022-12-31;8,4508E+11;0,85
2023-01-01;8,40732E+11;0,84
2023-01-02;8,46932E+11;0,85
2023-01-03;8,53132E+11;0,85
2023-01-04;8,59331E+11;0,86
2023-01-05;8,65531E+11;0,87
2023-01-06;8,71731E+11;0,87
2023-01-07;8,77931E+11;0,88
2023-01-08;8,84131E+11;0,88
2023-01-09;9,05452E+11;0,91
2023-01-10;9,26772E+11;0,93
2023-01-11;9,48092E+11;0,95
2023-01-12;9,69413E+11;0,97
2023-01-13;9,90733E+11;0,99
2023-01-14;1,01205E+12;1,01
2023-01-15;1,03337E+12;1,03
2023-01-16;1,04076E+12;1,04
2023-01-17;1,04814E+12;1,05
2023-01-18;1,05552E+12;1,06
2023-01-19;1,0629E+12;1,06
2023-01-20;1,07028E+12;1,07
2023-01-21;1,07767E+12;1,08
2023-01-22;1,08505E+12;1,09
2023-01-23;1,08861E+12;1,09
2023-01-24;1,09218E+12;1,09
2023-01-25;1,09574E+12;1,10
2023-01-26;1,0993E+12;1,10
2023-01-27;1,10287E+12;1,10
2023-01-28;1,10643E+12;1,11
2023-01-29;1,11E+12;1,11
2023-01-30;1,11356E+12;1,11
2023-01-31;1,11713E+12;1,12
2023-02-01;1,12069E+12;1,12
2023-02-02;1,11239E+12;1,11
2023-02-03;1,1041E+12;1,10
2023-02-04;1,0958E+12;1,10
2023-02-05;1,0875E+12;1,09
2023-02-06;1,0792E+12;1,08
2023-02-07;1,0709E+12;1,07
2023-02-08;1,0626E+12;1,06
2023-02-09;1,07315E+12;1,07
2023-02-10;1,08369E+12;1,08
2023-02-11;1,09423E+12;1,09
2023-02-12;1,10477E+12;1,10
2023-02-13;1,11531E+12;1,12
2023-02-14;1,12586E+12;1,13
2023-02-15;1,1364E+12;1,14
2023-02-16;1,13713E+12;1,14
2023-02-17;1,13785E+12;1,14
2023-02-18;1,13858E+12;1,14
2023-02-19;1,13931E+12;1,14
2023-02-20;1,14004E+12;1,14
2023-02-21;1,14077E+12;1,14
2023-02-22;1,14149E+12;1,14
2023-02-23;1,13889E+12;1,14
2023-02-24;1,13629E+12;1,14
2023-02-25;1,13369E+12;1,13
2023-02-26;1,13109E+12;1,13
2023-02-27;1,12849E+12;1,13
2023-02-28;1,12589E+12;1,13
2023-03-01;1,12329E+12;1,12
2023-03-02;1,10271E+12;1,10
2023-03-03;1,08214E+12;1,08
2023-03-04;1,06156E+12;1,06
2023-03-05;1,04098E+12;1,04
2023-03-06;1,02041E+12;1,02
2023-03-07;9,99828E+11;1,00
2023-03-08;9,79251E+11;0,98
2023-03-09;1,00108E+12;1,00
2023-03-10;1,0229E+12;1,02
2023-03-11;1,04473E+12;1,04
2023-03-12;1,06655E+12;1,07
2023-03-13;1,08838E+12;1,09
2023-03-14;1,1102E+12;1,11
2023-03-15;1,13203E+12;1,13
2023-03-16;1,1461E+12;1,15
2023-03-17;1,16016E+12;1,16
2023-03-18;1,17423E+12;1,17
2023-03-19;1,1883E+12;1,19
2023-03-20;1,20237E+12;1,20
2023-03-21;1,21643E+12;1,22
2023-03-22;1,2305E+12;1,23
2023-03-23;1,22931E+12;1,23
2023-03-24;1,22812E+12;1,23
2023-03-25;1,22693E+12;1,23
2023-03-26;1,22574E+12;1,23
2023-03-27;1,22455E+12;1,22
2023-03-28;1,22336E+12;1,22
2023-03-29;1,22217E+12;1,22
2023-03-30;1,22098E+12;1,22
2023-03-31;1,21979E+12;1,22
2023-04-01;1,2186E+12;1,22
2023-04-02;1,22112E+12;1,22
2023-04-03;1,22363E+12;1,22
2023-04-04;1,22614E+12;1,23
2023-04-05;1,22865E+12;1,23
2023-04-06;1,23117E+12;1,23
2023-04-07;1,23368E+12;1,23
2023-04-08;1,23619E+12;1,24
2023-04-09;1,25076E+12;1,25
2023-04-10;1,26533E+12;1,27
2023-04-11;1,2799E+12;1,28
2023-04-12;1,29448E+12;1,29
2023-04-13;1,30905E+12;1,31
2023-04-14;1,32362E+12;1,32
2023-04-15;1,33819E+12;1,34
2023-04-16;1,32013E+12;1,32
2023-04-17;1,30208E+12;1,30
2023-04-18;1,28403E+12;1,28
2023-04-19;1,26597E+12;1,27
2023-04-20;1,24792E+12;1,25
2023-04-21;1,22986E+12;1,23
2023-04-22;1,21181E+12;1,21
2023-04-23;1,21427E+12;1,21
2023-04-24;1,21674E+12;1,22
2023-04-25;1,2192E+12;1,22
2023-04-26;1,22167E+12;1,22
2023-04-27;1,22413E+12;1,22
2023-04-28;1,2266E+12;1,23
2023-04-29;1,22906E+12;1,23
2023-04-30;1,23153E+12;1,23
2023-05-01;1,23399E+12;1,23
2023-05-02;1,22714E+12;1,23
2023-05-03;1,22028E+12;1,22
2023-05-04;1,21343E+12;1,21
2023-05-05;1,20658E+12;1,21
2023-05-06;1,19973E+12;1,20
2023-05-07;1,19287E+12;1,19
2023-05-08;1,18602E+12;1,19
2023-05-09;1,18442E+12;1,18
2023-05-10;1,18282E+12;1,18
2023-05-11;1,18122E+12;1,18
2023-05-12;1,17961E+12;1,18
2023-05-13;1,17801E+12;1,18
2023-05-14;1,17641E+12;1,18
2023-05-15;1,17481E+12;1,17
2023-05-16;1,17633E+12;1,18
2023-05-17;1,17786E+12;1,18
2023-05-18;1,17938E+12;1,18
2023-05-19;1,18091E+12;1,18
2023-05-20;1,18243E+12;1,18
2023-05-21;1,18396E+12;1,18
2023-05-22;1,18548E+12;1,19
2023-05-23;1,18668E+12;1,19
2023-05-24;1,18787E+12;1,19
2023-05-25;1,18906E+12;1,19
2023-05-26;1,19025E+12;1,19
2023-05-27;1,19145E+12;1,19
2023-05-28;1,19264E+12;1,19
2023-05-29;1,19383E+12;1,19
2023-05-30;1,19502E+12;1,20
2023-05-31;1,19622E+12;1,20
2023-06-01;1,19741E+12;1,20
2023-06-02;1,19004E+12;1,19
2023-06-03;1,18267E+12;1,18
2023-06-04;1,1753E+12;1,18
2023-06-05;1,16793E+12;1,17
2023-06-06;1,16056E+12;1,16
2023-06-07;1,15319E+12;1,15
2023-06-08;1,14582E+12;1,15
2023-06-09;1,13945E+12;1,14
2023-06-10;1,13309E+12;1,13
2023-06-11;1,12673E+12;1,13
2023-06-12;1,12036E+12;1,12
2023-06-13;1,114E+12;1,11
2023-06-14;1,10764E+12;1,11
2023-06-15;1,10127E+12;1,10
2023-06-16;1,11987E+12;1,12
2023-06-17;1,13847E+12;1,14
2023-06-18;1,15707E+12;1,16
2023-06-19;1,17567E+12;1,18
2023-06-20;1,19427E+12;1,19
2023-06-21;1,21287E+12;1,21
2023-06-22;1,23147E+12;1,23
2023-06-23;1,23302E+12;1,23
2023-06-24;1,23457E+12;1,23
2023-06-25;1,23612E+12;1,24
2023-06-26;1,23767E+12;1,24
2023-06-27;1,23922E+12;1,24
2023-06-28;1,24077E+12;1,24
2023-06-29;1,24232E+12;1,24
2023-06-30;1,24387E+12;1,24
2023-07-01;1,24543E+12;1,25
2023-07-02;1,24162E+12;1,24
2023-07-03;1,23781E+12;1,24
2023-07-04;1,234E+12;1,23
2023-07-05;1,2302E+12;1,23
2023-07-06;1,22639E+12;1,23
2023-07-07;1,22258E+12;1,22
2023-07-08;1,21878E+12;1,22
2023-07-09;1,22444E+12;1,22
2023-07-10;1,2301E+12;1,23
2023-07-11;1,23576E+12;1,24
2023-07-12;1,24142E+12;1,24
2023-07-13;1,24708E+12;1,25
2023-07-14;1,25274E+12;1,25
2023-07-15;1,2584E+12;1,26
2023-07-16;1,25668E+12;1,26
2023-07-17;1,25496E+12;1,25
2023-07-18;1,25324E+12;1,25
2023-07-19;1,25152E+12;1,25
2023-07-20;1,2498E+12;1,25
2023-07-21;1,24809E+12;1,25
2023-07-22;1,24637E+12;1,25
2023-07-23;1,24412E+12;1,24
2023-07-24;1,24188E+12;1,24
2023-07-25;1,23963E+12;1,24
2023-07-26;1,23739E+12;1,24
2023-07-27;1,23515E+12;1,24
2023-07-28;1,2329E+12;1,23
2023-07-29;1,23066E+12;1,23
2023-07-30;1,22841E+12;1,23
2023-07-31;1,22617E+12;1,23
2023-08-01;1,22392E+12;1,22
2023-08-02;1,22386E+12;1,22
2023-08-03;1,2238E+12;1,22
2023-08-04;1,22374E+12;1,22
2023-08-05;1,22368E+12;1,22
2023-08-06;1,22362E+12;1,22
2023-08-07;1,22355E+12;1,22
2023-08-08;1,22349E+12;1,22
2023-08-09;1,22067E+12;1,22
2023-08-10;1,21785E+12;1,22
2023-08-11;1,21503E+12;1,22
2023-08-12;1,21221E+12;1,21
2023-08-13;1,20938E+12;1,21
2023-08-14;1,20656E+12;1,21
2023-08-15;1,20374E+12;1,20
2023-08-16;1,15857E+12;1,16
2023-08-17;1,0644E+12;1,06
2023-08-18;1,0936E+12;1,09
2023-08-19;1,0967E+12;1,10
2023-08-20;1,1052E+12;1,11
2023-08-21;1,0971E+12;1,10
